Workbook

Sheet Лист1
A1: Дата | B1: Территория | C1: Товарооборот, шт | D1: Товарооборот, руб | E1: Количество складов | F1: Количество заказов | G1: Количество клиентов | H1: Товарооборот на склад | I1: Неделя | J1: Ключ
A2: 43982 | B2: Самара | C2: 7944 | D2: 623971.5 | J2: =--A2&B2 -> 43982Самара
A3: 43981 | B3: Самара | C3: 10029 | D3: 787101 | J3: =--A3&B3 -> 43981Самара
A4: 43979 | B4: Самара | C4: 8536.5 | D4: 643944 | J4: =--A4&B4 -> 43979Самара
A5: 43967 | B5: Кемерово | C5: 38947.5 | D5: 3395892 | J5: =--A5&B5 -> 43967Кемерово
A6: 43970 | B6: Кемерово | C6: 31842 | D6: 2771116.5 | J6: =--A6&B6 -> 43970Кемерово
A7: 43968 | B7: Кемерово | C7: 32023.5 | D7: 2882458.5 | J7: =--A7&B7 -> 43968Кемерово
A8: 43960 | B8: Кемерово | C8: 31147.5 | D8: 2831019 | J8: =--A8&B8 -> 43960Кемерово
A9: 43955 | B9: Кемерово | C9: 25566 | D9: 2372310 | J9: =--A9&B9 -> 43955Кемерово
A10: 43950 | B10: Кемерово | C10: 29319 | D10: 2623480.5 | J10: =--A10&B10 -> 43950Кемерово
A11: 43953 | B11: Кемерово | C11: 29031 | D11: 2711247 | J11: =--A11&B11 -> 43953Кемерово
A12: 43977 | B12: Кемерово | C12: 33423 | D12: 2970330 | J12: =--A12&B12 -> 43977Кемерово
A13: 43952 | B13: Кемерово | C13: 32487 | D13: 3031254 | J13: =--A13&B13 -> 43952Кемерово
... A505: 43983 | B505: Новосибирск | C505: 14238 | D505: 1293219 | J505: =--A505&B505 -> 43983Новосибирск

Sheet Лист2
A1: Дата | B1: Территория | C1: Количество складов | D1: Количество заказов | E1: Количество клиентов
A2: 43949 | B2: Волгоград | C2: 36 | D2: 4923 | E2: 4560
A3: 43949 | B3: Екатеринбург | C3: 31 | D3: 5465 | E3: 5096
A4: 43949 | B4: Казань | C4: 19 | D4: 1846 | E4: 1681
A5: 43949 | B5: Кемерово | C5: 18 | D5: 1539 | E5: 1404
A6: 43949 | B6: Краснодар | C6: 18 | D6: 1505 | E6: 1368
A7: 43949 | B7: Москва Восток | C7: 54 | D7: 12306 | E7: 11532
A8: 43949 | B8: Москва Запад | C8: 59 | D8: 12943 | E8: 12072
A9: 43949 | B9: Нижний Новгород | C9: 17 | D9: 1439 | E9: 1265
A10: 43949 | B10: Новосибирск | C10: 15 | D10: 636 | E10: 547
A11: 43949 | B11: Пермь | C11: 15 | D11: 780 | E11: 690
A12: 43949 | B12: Санкт-Петербург Север | C12: 125 | D12: 20914 | E12: 19479
A13: 43949 | B13: Санкт-Петербург Юг | C13: 128 | D13: 16450 | E13: 15320
... A505: 43983 | B505: Уфа | C505: 6 | D505: 237 | E505: 175

Sheet сводная таблица
A3: Названия строк | B3: Сумма по полю Товарооборот, руб | C3: Сумма по полю Товарооборот на склад | D3: Сумма по полю Товарооборот, руб2
A4: 18 | B4: 546119835 | C4: 5553033.9 | D4: 0.17117151
A5: Москва Запад | B5: 136791225 | C5: 2318495.3 | D5: 0.042874767
A6: Санкт-Петербург Север | B6: 233059077 | C6: 1864472.6 | D6: 0.073048206
A7: Санкт-Петербург Юг | B7: 176269533 | C7: 1370065.9 | D7: 0.055248538
A8: 19 | B8: 6.4058666e+08 | C8: 6502206.2 | D8: 0.20078045
A9: Москва Запад | B9: 159695760 | C9: 2706707.8 | D9: 0.050053784
A10: Санкт-Петербург Север | B10: 2.727625e+08 | C10: 2182100 | D10: 0.085492536
A11: Санкт-Петербург Юг | B11: 2.0812839e+08 | C11: 1613398.4 | D11: 0.065234129
A12: 20 | B12: 6.1234465e+08 | C12: 6087068.4 | D12: 0.1919285
A13: Москва Запад | B13: 142825023 | C13: 2380417.1 | D13: 0.044765953
A14: Санкт-Петербург Север | B14: 269949999 | C14: 2159600 | D14: 0.084611007
A15: Санкт-Петербург Юг | B15: 1.9956962e+08 | C15: 1547051.4 | D15: 0.062551535
A16: 21 | B16: 6.376606e+08 | C16: 6415636.2 | D16: 0.19986333
A17: Москва Запад | B17: 1.5751236e+08 | C17: 2625206 | D17: 0.049369436
A18: Санкт-Петербург Север | B18: 2.7553943e+08 | C18: 2204315.5 | D18: 0.086362915
A19: Санкт-Петербург Юг | B19: 2.0460881e+08 | C19: 1586114.8 | D19: 0.064130978
A20: 22 | B20: 6.6927819e+08 | C20: 6725569.9 | D20: 0.2097733
A21: Москва Запад | B21: 1.5785721e+08 | C21: 2669745 | D21: 0.049477525
A22: Санкт-Петербург Север | B22: 2.9215505e+08 | C22: 2356089.1 | D22: 0.091570783
A23: Санкт-Петербург Юг | B23: 2.1926593e+08 | C23: 1699735.9 | D23: 0.06872499
A24: 23 | B24: 84493305 | C24: 849784.69 | D24: 0.026482918
A25: Москва Запад | B25: 19465372 | C25: 329921.57 | D25: 0.0061010734
A26: Санкт-Петербург Север | B26: 37257840 | C26: 302909.27 | D26: 0.011677805
A27: Санкт-Петербург Юг | B27: 27770092 | C27: 216953.85 | D27: 0.0087040396
A28: Общий итог | B28: 3.1904832e+09 | C28: 32133299 | D28: 1

Sheet Assignment_Data
A1: Дата | B1: Территория | C1: Количество складов | D1: Количество заказов | E1: Количество клиентов | F1: Товарооборот, руб | G1: Неделя | H1: Товарооборот на склад | I1: Ключ
A2: 43949 | B2: Волгоград | C2: 36 | D2: 4923 | E2: 4560 | F2: =INDEX(Лист1!$D:$D,MATCH(I2,Лист1!$J:$J,0)) -> 6288246 | G2: =_xlfn.ISOWEEKNUM(Таблица2_2[[#This Row],[Дата]]) -> 18 | H2: =Таблица2_2[[#This Row],[Товарооборот, руб]]/Таблица2_2[[#This Row],[Количество складов]] -> 174673.5 | I2: =--Таблица2_2[[#This Row],[Дата]]&Таблица2_2[[#This Row],[Территория]] -> 43949Волгоград
A3: 43949 | B3: Екатеринбург | C3: 31 | D3: 5465 | E3: 5096 | F3: =INDEX(Лист1!$D:$D,MATCH(I3,Лист1!$J:$J,0)) -> 7163644.5 | G3: =_xlfn.ISOWEEKNUM(Таблица2_2[[#This Row],[Дата]]) -> 18 | H3: =Таблица2_2[[#This Row],[Товарооборот, руб]]/Таблица2_2[[#This Row],[Количество складов]] -> 231085.31 | I3: =--Таблица2_2[[#This Row],[Дата]]&Таблица2_2[[#This Row],[Территория]] -> 43949Екатеринбург
A4: 43949 | B4: Казань | C4: 19 | D4: 1846 | E4: 1681 | F4: =INDEX(Лист1!$D:$D,MATCH(I4,Лист1!$J:$J,0)) -> 2863600.5 | G4: =_xlfn.ISOWEEKNUM(Таблица2_2[[#This Row],[Дата]]) -> 18 | H4: =Таблица2_2[[#This Row],[Товарооборот, руб]]/Таблица2_2[[#This Row],[Количество складов]] -> 150715.82 | I4: =--Таблица2_2[[#This Row],[Дата]]&Таблица2_2[[#This Row],[Территория]] -> 43949Казань
A5: 43949 | B5: Кемерово | C5: 18 | D5: 1539 | E5: 1404 | F5: =INDEX(Лист1!$D:$D,MATCH(I5,Лист1!$J:$J,0)) -> 2411587.5 | G5: =_xlfn.ISOWEEKNUM(Таблица2_2[[#This Row],[Дата]]) -> 18 | H5: =Таблица2_2[[#This Row],[Товарооборот, руб]]/Таблица2_2[[#This Row],[Количество складов]] -> 133977.08 | I5: =--Таблица2_2[[#This Row],[Дата]]&Таблица2_2[[#This Row],[Территория]] -> 43949Кемерово
A6: 43949 | B6: Краснодар | C6: 18 | D6: 1505 | E6: 1368 | F6: =INDEX(Лист1!$D:$D,MATCH(I6,Лист1!$J:$J,0)) -> 2277072 | G6: =_xlfn.ISOWEEKNUM(Таблица2_2[[#This Row],[Дата]]) -> 18 | H6: =Таблица2_2[[#This Row],[Товарооборот, руб]]/Таблица2_2[[#This Row],[Количество складов]] -> 126504 | I6: =--Таблица2_2[[#This Row],[Дата]]&Таблица2_2[[#This Row],[Территория]] -> 43949Краснодар
A7: 43949 | B7: Москва Восток | C7: 54 | D7: 12306 | E7: 11532 | F7: =INDEX(Лист1!$D:$D,MATCH(I7,Лист1!$J:$J,0)) -> 20003264 | G7: =_xlfn.ISOWEEKNUM(Таблица2_2[[#This Row],[Дата]]) -> 18 | H7: =Таблица2_2[[#This Row],[Товарооборот, руб]]/Таблица2_2[[#This Row],[Количество складов]] -> 370430.81 | I7: =--Таблица2_2[[#This Row],[Дата]]&Таблица2_2[[#This Row],[Территория]] -> 43949Москва Восток
A8: 43949 | B8: Москва Запад | C8: 59 | D8: 12943 | E8: 12072 | F8: =INDEX(Лист1!$D:$D,MATCH(I8,Лист1!$J:$J,0)) -> 21114898 | G8: =_xlfn.ISOWEEKNUM(Таблица2_2[[#This Row],[Дата]]) -> 18 | H8: =Таблица2_2[[#This Row],[Товарооборот, руб]]/Таблица2_2[[#This Row],[Количество складов]] -> 357879.64 | I8: =--Таблица2_2[[#This Row],[Дата]]&Таблица2_2[[#This Row],[Территория]] -> 43949Москва Запад
A9: 43949 | B9: Нижний Новгород | C9: 17 | D9: 1439 | E9: 1265 | F9: =INDEX(Лист1!$D:$D,MATCH(I9,Лист1!$J:$J,0)) -> 2136817.5 | G9: =_xlfn.ISOWEEKNUM(Таблица2_2[[#This Row],[Дата]]) -> 18 | H9: =Таблица2_2[[#This Row],[Товарооборот, руб]]/Таблица2_2[[#This Row],[Количество складов]] -> 125695.15 | I9: =--Таблица2_2[[#This Row],[Дата]]&Таблица2_2[[#This Row],[Территория]] -> 43949Нижний Новгород
A10: 43949 | B10: Новосибирск | C10: 15 | D10: 636 | E10: 547 | F10: =INDEX(Лист1!$D:$D,MATCH(I10,Лист1!$J:$J,0)) -> 992541 | G10: =_xlfn.ISOWEEKNUM(Таблица2_2[[#This Row],[Дата]]) -> 18 | H10: =Таблица2_2[[#This Row],[Товарооборот, руб]]/Таблица2_2[[#This Row],[Количество складов]] -> 66169.4 | I10: =--Таблица2_2[[#This Row],[Дата]]&Таблица2_2[[#This Row],[Территория]] -> 43949Новосибирск
A11: 43949 | B11: Пермь | C11: 15 | D11: 780 | E11: 690 | F11: =INDEX(Лист1!$D:$D,MATCH(I11,Лист1!$J:$J,0)) -> 1102887 | G11: =_xlfn.ISOWEEKNUM(Таблица2_2[[#This Row],[Дата]]) -> 18 | H11: =Таблица2_2[[#This Row],[Товарооборот, руб]]/Таблица2_2[[#This Row],[Количество складов]] -> 73525.8 | I11: =--Таблица2_2[[#This Row],[Дата]]&Таблица2_2[[#This Row],[Территория]] -> 43949Пермь
A12: 43949 | B12: Санкт-Петербург Север | C12: 125 | D12: 20914 | E12: 19479 | F12: =INDEX(Лист1!$D:$D,MATCH(I12,Лист1!$J:$J,0)) -> 39918028 | G12: =_xlfn.ISOWEEKNUM(Таблица2_2[[#This Row],[Дата]]) -> 18 | H12: =Таблица2_2[[#This Row],[Товарооборот, руб]]/Таблица2_2[[#This Row],[Количество складов]] -> 319344.23 | I12: =--Таблица2_2[[#This Row],[Дата]]&Таблица2_2[[#This Row],[Территория]] -> 43949Санкт-Петербург Север
A13: 43949 | B13: Санкт-Петербург Юг | C13: 128 | D13: 16450 | E13: 15320 | F13: =INDEX(Лист1!$D:$D,MATCH(I13,Лист1!$J:$J,0)) -> 29159032 | G13: =_xlfn.ISOWEEKNUM(Таблица2_2[[#This Row],[Дата]]) -> 18 | H13: =Таблица2_2[[#This Row],[Товарооборот, руб]]/Таблица2_2[[#This Row],[Количество складов]] -> 227804.94 | I13: =--Таблица2_2[[#This Row],[Дата]]&Таблица2_2[[#This Row],[Территория]] -> 43949Санкт-Петербург Юг
... A505: 43983 | B505: Уфа | C505: 6 | D505: 237 | E505: 175 | F505: =INDEX(Лист1!$D:$D,MATCH(I505,Лист1!$J:$J,0)) -> 410892 | G505: =_xlfn.ISOWEEKNUM(Таблица2_2[[#This Row],[Дата]]) -> 23 | H505: =Таблица2_2[[#This Row],[Товарооборот, руб]]/Таблица2_2[[#This Row],[Количество складов]] -> 68482 | I505: =--Таблица2_2[[#This Row],[Дата]]&Таблица2_2[[#This Row],[Территория]] -> 43983Уфа
